USE [GestionMatos]
GO
SET IDENTITY_INSERT [dbo].[Client] ON 

INSERT [dbo].[Client] ([id_Client], [nom_Client]) VALUES (1, N'Client de test 1')
INSERT [dbo].[Client] ([id_Client], [nom_Client]) VALUES (2, N'Client de test 2')
INSERT [dbo].[Client] ([id_Client], [nom_Client]) VALUES (3, N'Client de test 3')
INSERT [dbo].[Client] ([id_Client], [nom_Client]) VALUES (4, N'Client de test 4')
INSERT [dbo].[Client] ([id_Client], [nom_Client]) VALUES (5, N'Client de test 5')
INSERT [dbo].[Client] ([id_Client], [nom_Client]) VALUES (6, N'tototot')
INSERT [dbo].[Client] ([id_Client], [nom_Client]) VALUES (7, N'Client de test 15')
SET IDENTITY_INSERT [dbo].[Client] OFF
SET IDENTITY_INSERT [dbo].[Site] ON 

INSERT [dbo].[Site] ([id_Site], [nom_Site], [Adresse]) VALUES (1, N'Site de stockage 1', N'Adresse de stockage 1')
INSERT [dbo].[Site] ([id_Site], [nom_Site], [Adresse]) VALUES (2, N'Site de stockage 2', N'Adresse de stockage 2')
INSERT [dbo].[Site] ([id_Site], [nom_Site], [Adresse]) VALUES (3, N'Site de stockage 3', N'Adresse de stockage 3')
INSERT [dbo].[Site] ([id_Site], [nom_Site], [Adresse]) VALUES (4, N'IP Formation', N'10 rue ')
SET IDENTITY_INSERT [dbo].[Site] OFF
SET IDENTITY_INSERT [dbo].[Batiment] ON 

INSERT [dbo].[Batiment] ([id_Batiment], [num_Batiment], [id_Site], [id_Client]) VALUES (1, 10, 1, 2)
INSERT [dbo].[Batiment] ([id_Batiment], [num_Batiment], [id_Site], [id_Client]) VALUES (2, 11, 1, 1)
INSERT [dbo].[Batiment] ([id_Batiment], [num_Batiment], [id_Site], [id_Client]) VALUES (3, 72, 2, 2)
INSERT [dbo].[Batiment] ([id_Batiment], [num_Batiment], [id_Site], [id_Client]) VALUES (4, 82, 2, 3)
INSERT [dbo].[Batiment] ([id_Batiment], [num_Batiment], [id_Site], [id_Client]) VALUES (5, 101, 2, 1)
INSERT [dbo].[Batiment] ([id_Batiment], [num_Batiment], [id_Site], [id_Client]) VALUES (6, 125, 3, 1)
INSERT [dbo].[Batiment] ([id_Batiment], [num_Batiment], [id_Site], [id_Client]) VALUES (7, 72, 3, 2)
SET IDENTITY_INSERT [dbo].[Batiment] OFF
SET IDENTITY_INSERT [dbo].[Etage] ON 

INSERT [dbo].[Etage] ([id_Etage], [num_Etage], [id_Batiment]) VALUES (1, 1, 1)
INSERT [dbo].[Etage] ([id_Etage], [num_Etage], [id_Batiment]) VALUES (2, 2, 1)
INSERT [dbo].[Etage] ([id_Etage], [num_Etage], [id_Batiment]) VALUES (3, 3, 1)
INSERT [dbo].[Etage] ([id_Etage], [num_Etage], [id_Batiment]) VALUES (4, 4, 1)
INSERT [dbo].[Etage] ([id_Etage], [num_Etage], [id_Batiment]) VALUES (5, 1, 2)
INSERT [dbo].[Etage] ([id_Etage], [num_Etage], [id_Batiment]) VALUES (6, 2, 2)
INSERT [dbo].[Etage] ([id_Etage], [num_Etage], [id_Batiment]) VALUES (7, 3, 2)
INSERT [dbo].[Etage] ([id_Etage], [num_Etage], [id_Batiment]) VALUES (8, 4, 2)
INSERT [dbo].[Etage] ([id_Etage], [num_Etage], [id_Batiment]) VALUES (9, 5, 2)
INSERT [dbo].[Etage] ([id_Etage], [num_Etage], [id_Batiment]) VALUES (10, 6, 2)
INSERT [dbo].[Etage] ([id_Etage], [num_Etage], [id_Batiment]) VALUES (11, 1, 3)
INSERT [dbo].[Etage] ([id_Etage], [num_Etage], [id_Batiment]) VALUES (12, 2, 3)
INSERT [dbo].[Etage] ([id_Etage], [num_Etage], [id_Batiment]) VALUES (13, 3, 3)
INSERT [dbo].[Etage] ([id_Etage], [num_Etage], [id_Batiment]) VALUES (14, 4, 3)
INSERT [dbo].[Etage] ([id_Etage], [num_Etage], [id_Batiment]) VALUES (15, 1, 4)
INSERT [dbo].[Etage] ([id_Etage], [num_Etage], [id_Batiment]) VALUES (16, 2, 4)
INSERT [dbo].[Etage] ([id_Etage], [num_Etage], [id_Batiment]) VALUES (17, 3, 4)
INSERT [dbo].[Etage] ([id_Etage], [num_Etage], [id_Batiment]) VALUES (18, 1, 5)
INSERT [dbo].[Etage] ([id_Etage], [num_Etage], [id_Batiment]) VALUES (19, 2, 5)
INSERT [dbo].[Etage] ([id_Etage], [num_Etage], [id_Batiment]) VALUES (20, 3, 5)
INSERT [dbo].[Etage] ([id_Etage], [num_Etage], [id_Batiment]) VALUES (21, 1, 6)
INSERT [dbo].[Etage] ([id_Etage], [num_Etage], [id_Batiment]) VALUES (22, 2, 6)
INSERT [dbo].[Etage] ([id_Etage], [num_Etage], [id_Batiment]) VALUES (23, 3, 6)
INSERT [dbo].[Etage] ([id_Etage], [num_Etage], [id_Batiment]) VALUES (24, 1, 7)
SET IDENTITY_INSERT [dbo].[Etage] OFF
SET IDENTITY_INSERT [dbo].[Type_Materiel] ON 

INSERT [dbo].[Type_Materiel] ([id_Type_Materiel], [nom_Type_Materiel], [MTBF]) VALUES (1, N'Appareil informatique', 1462)
INSERT [dbo].[Type_Materiel] ([id_Type_Materiel], [nom_Type_Materiel], [MTBF]) VALUES (2, N'Baladeur numérique', 108)
INSERT [dbo].[Type_Materiel] ([id_Type_Materiel], [nom_Type_Materiel], [MTBF]) VALUES (3, N'Bus informatique', 3166)
INSERT [dbo].[Type_Materiel] ([id_Type_Materiel], [nom_Type_Materiel], [MTBF]) VALUES (4, N'Carte d''extension', 2081)
INSERT [dbo].[Type_Materiel] ([id_Type_Materiel], [nom_Type_Materiel], [MTBF]) VALUES (5, N'Carte mère', 957)
INSERT [dbo].[Type_Materiel] ([id_Type_Materiel], [nom_Type_Materiel], [MTBF]) VALUES (6, N'Connectique', 484)
INSERT [dbo].[Type_Materiel] ([id_Type_Materiel], [nom_Type_Materiel], [MTBF]) VALUES (7, N'Constructeur informatique', 1285)
INSERT [dbo].[Type_Materiel] ([id_Type_Materiel], [nom_Type_Materiel], [MTBF]) VALUES (8, N'Lisp', 4878)
INSERT [dbo].[Type_Materiel] ([id_Type_Materiel], [nom_Type_Materiel], [MTBF]) VALUES (9, N'Matériel de jeu vidéo', 3619)
INSERT [dbo].[Type_Materiel] ([id_Type_Materiel], [nom_Type_Materiel], [MTBF]) VALUES (10, N'Matériel de réseau informatique', 4170)
INSERT [dbo].[Type_Materiel] ([id_Type_Materiel], [nom_Type_Materiel], [MTBF]) VALUES (11, N'Matériel de sécurité informatique', 2658)
INSERT [dbo].[Type_Materiel] ([id_Type_Materiel], [nom_Type_Materiel], [MTBF]) VALUES (12, N'Matériel informatique libre', 2182)
INSERT [dbo].[Type_Materiel] ([id_Type_Materiel], [nom_Type_Materiel], [MTBF]) VALUES (13, N'Matériel informatique par entreprise', 623)
INSERT [dbo].[Type_Materiel] ([id_Type_Materiel], [nom_Type_Materiel], [MTBF]) VALUES (14, N'Mémoire informatique', 3564)
INSERT [dbo].[Type_Materiel] ([id_Type_Materiel], [nom_Type_Materiel], [MTBF]) VALUES (15, N'Périphérique (informatique)', 694)
INSERT [dbo].[Type_Materiel] ([id_Type_Materiel], [nom_Type_Materiel], [MTBF]) VALUES (16, N'Personnalisation du matériel informatique', 3786)
INSERT [dbo].[Type_Materiel] ([id_Type_Materiel], [nom_Type_Materiel], [MTBF]) VALUES (17, N'Processeur', 1608)
INSERT [dbo].[Type_Materiel] ([id_Type_Materiel], [nom_Type_Materiel], [MTBF]) VALUES (18, N'Refroidissement du matériel informatique', 2833)
INSERT [dbo].[Type_Materiel] ([id_Type_Materiel], [nom_Type_Materiel], [MTBF]) VALUES (19, N'Stockage informatique', 411)
INSERT [dbo].[Type_Materiel] ([id_Type_Materiel], [nom_Type_Materiel], [MTBF]) VALUES (20, N'Terminal informatique', 153)
INSERT [dbo].[Type_Materiel] ([id_Type_Materiel], [nom_Type_Materiel], [MTBF]) VALUES (21, N'Accélération matérielle', 2247)
INSERT [dbo].[Type_Materiel] ([id_Type_Materiel], [nom_Type_Materiel], [MTBF]) VALUES (22, N'Advance''Configuration an''Power Interface', 2865)
INSERT [dbo].[Type_Materiel] ([id_Type_Materiel], [nom_Type_Materiel], [MTBF]) VALUES (23, N'Alimentation électrique par câble Ethernet', 4795)
INSERT [dbo].[Type_Materiel] ([id_Type_Materiel], [nom_Type_Materiel], [MTBF]) VALUES (24, N'ALPM', 4540)
INSERT [dbo].[Type_Materiel] ([id_Type_Materiel], [nom_Type_Materiel], [MTBF]) VALUES (25, N'AN/FSQ-32', 2315)
INSERT [dbo].[Type_Materiel] ([id_Type_Materiel], [nom_Type_Materiel], [MTBF]) VALUES (26, N'Anneau de protection', 2390)
INSERT [dbo].[Type_Materiel] ([id_Type_Materiel], [nom_Type_Materiel], [MTBF]) VALUES (27, N'Asynchronisme', 2194)
INSERT [dbo].[Type_Materiel] ([id_Type_Materiel], [nom_Type_Materiel], [MTBF]) VALUES (28, N'Audio Codec 97', 880)
INSERT [dbo].[Type_Materiel] ([id_Type_Materiel], [nom_Type_Materiel], [MTBF]) VALUES (29, N'Baie (centre de données)', 2225)
INSERT [dbo].[Type_Materiel] ([id_Type_Materiel], [nom_Type_Materiel], [MTBF]) VALUES (30, N'Banana Pi', 3851)
INSERT [dbo].[Type_Materiel] ([id_Type_Materiel], [nom_Type_Materiel], [MTBF]) VALUES (31, N'Barebone', 1484)
INSERT [dbo].[Type_Materiel] ([id_Type_Materiel], [nom_Type_Materiel], [MTBF]) VALUES (32, N'Barebook', 4797)
INSERT [dbo].[Type_Materiel] ([id_Type_Materiel], [nom_Type_Materiel], [MTBF]) VALUES (33, N'Baybus', 3496)
INSERT [dbo].[Type_Materiel] ([id_Type_Materiel], [nom_Type_Materiel], [MTBF]) VALUES (34, N'Bloc d''alimentation', 125)
INSERT [dbo].[Type_Materiel] ([id_Type_Materiel], [nom_Type_Materiel], [MTBF]) VALUES (35, N'Bull Novascale', 4212)
INSERT [dbo].[Type_Materiel] ([id_Type_Materiel], [nom_Type_Materiel], [MTBF]) VALUES (36, N'Calculateur stochastique', 2560)
INSERT [dbo].[Type_Materiel] ([id_Type_Materiel], [nom_Type_Materiel], [MTBF]) VALUES (37, N'Carte à coprocesseur', 1132)
INSERT [dbo].[Type_Materiel] ([id_Type_Materiel], [nom_Type_Materiel], [MTBF]) VALUES (38, N'Carte ARM', 696)
INSERT [dbo].[Type_Materiel] ([id_Type_Materiel], [nom_Type_Materiel], [MTBF]) VALUES (39, N'Carte mère', 447)
INSERT [dbo].[Type_Materiel] ([id_Type_Materiel], [nom_Type_Materiel], [MTBF]) VALUES (40, N'Centrino', 358)
INSERT [dbo].[Type_Materiel] ([id_Type_Materiel], [nom_Type_Materiel], [MTBF]) VALUES (41, N'Chip select', 3366)
INSERT [dbo].[Type_Materiel] ([id_Type_Materiel], [nom_Type_Materiel], [MTBF]) VALUES (42, N'Clone (matériel informatique)', 3353)
INSERT [dbo].[Type_Materiel] ([id_Type_Materiel], [nom_Type_Materiel], [MTBF]) VALUES (43, N'Codelet', 2540)
INSERT [dbo].[Type_Materiel] ([id_Type_Materiel], [nom_Type_Materiel], [MTBF]) VALUES (44, N'Commutateur écran-clavier-souris', 3710)
INSERT [dbo].[Type_Materiel] ([id_Type_Materiel], [nom_Type_Materiel], [MTBF]) VALUES (45, N'Compatibilité ascendante et descendante', 1753)
INSERT [dbo].[Type_Materiel] ([id_Type_Materiel], [nom_Type_Materiel], [MTBF]) VALUES (46, N'Composition informatique', 25)
INSERT [dbo].[Type_Materiel] ([id_Type_Materiel], [nom_Type_Materiel], [MTBF]) VALUES (47, N'Vis pour boîtier de PC', 3537)
INSERT [dbo].[Type_Materiel] ([id_Type_Materiel], [nom_Type_Materiel], [MTBF]) VALUES (48, N'Console système', 4368)
INSERT [dbo].[Type_Materiel] ([id_Type_Materiel], [nom_Type_Materiel], [MTBF]) VALUES (49, N'Coprocesseur sql', 2068)
INSERT [dbo].[Type_Materiel] ([id_Type_Materiel], [nom_Type_Materiel], [MTBF]) VALUES (50, N'Couche d''abstraction matérielle', 2842)
INSERT [dbo].[Type_Materiel] ([id_Type_Materiel], [nom_Type_Materiel], [MTBF]) VALUES (51, N'Courbe force course', 4432)
INSERT [dbo].[Type_Materiel] ([id_Type_Materiel], [nom_Type_Materiel], [MTBF]) VALUES (52, N'Cubox', 4557)
INSERT [dbo].[Type_Materiel] ([id_Type_Materiel], [nom_Type_Materiel], [MTBF]) VALUES (53, N'Dell PowerEdge', 3986)
INSERT [dbo].[Type_Materiel] ([id_Type_Materiel], [nom_Type_Materiel], [MTBF]) VALUES (54, N'Dreambox', 4010)
INSERT [dbo].[Type_Materiel] ([id_Type_Materiel], [nom_Type_Materiel], [MTBF]) VALUES (55, N'Dynamic Device Mapping', 2017)
INSERT [dbo].[Type_Materiel] ([id_Type_Materiel], [nom_Type_Materiel], [MTBF]) VALUES (56, N'Écran ''ordinateur', 887)
INSERT [dbo].[Type_Materiel] ([id_Type_Materiel], [nom_Type_Materiel], [MTBF]) VALUES (57, N'Émetteur-récepteur', 10)
INSERT [dbo].[Type_Materiel] ([id_Type_Materiel], [nom_Type_Materiel], [MTBF]) VALUES (58, N'Entrées-sorties', 604)
INSERT [dbo].[Type_Materiel] ([id_Type_Materiel], [nom_Type_Materiel], [MTBF]) VALUES (59, N'Équipement terminal de circuit de données', 1504)
INSERT [dbo].[Type_Materiel] ([id_Type_Materiel], [nom_Type_Materiel], [MTBF]) VALUES (60, N'Expandeur', 2796)
INSERT [dbo].[Type_Materiel] ([id_Type_Materiel], [nom_Type_Materiel], [MTBF]) VALUES (61, N'Fab12', 1615)
INSERT [dbo].[Type_Materiel] ([id_Type_Materiel], [nom_Type_Materiel], [MTBF]) VALUES (62, N'Fabricant ''équipement ''origine', 2857)
INSERT [dbo].[Type_Materiel] ([id_Type_Materiel], [nom_Type_Materiel], [MTBF]) VALUES (63, N'Filtre de confidentialité', 683)
INSERT [dbo].[Type_Materiel] ([id_Type_Materiel], [nom_Type_Materiel], [MTBF]) VALUES (64, N'Firmware', 2844)
INSERT [dbo].[Type_Materiel] ([id_Type_Materiel], [nom_Type_Materiel], [MTBF]) VALUES (65, N'Fon''de panier', 3079)
INSERT [dbo].[Type_Materiel] ([id_Type_Materiel], [nom_Type_Materiel], [MTBF]) VALUES (66, N'General MIDI', 2064)
INSERT [dbo].[Type_Materiel] ([id_Type_Materiel], [nom_Type_Materiel], [MTBF]) VALUES (67, N'General Purpose Input/Output', 4793)
INSERT [dbo].[Type_Materiel] ([id_Type_Materiel], [nom_Type_Materiel], [MTBF]) VALUES (68, N'GRAIL (informatique)', 3732)
INSERT [dbo].[Type_Materiel] ([id_Type_Materiel], [nom_Type_Materiel], [MTBF]) VALUES (69, N'Hardware Compatibility List', 966)
INSERT [dbo].[Type_Materiel] ([id_Type_Materiel], [nom_Type_Materiel], [MTBF]) VALUES (70, N'Hot-Plug', 1660)
INSERT [dbo].[Type_Materiel] ([id_Type_Materiel], [nom_Type_Materiel], [MTBF]) VALUES (71, N'Hub Ethernet', 3858)
INSERT [dbo].[Type_Materiel] ([id_Type_Materiel], [nom_Type_Materiel], [MTBF]) VALUES (72, N'IBM 4250 (électrocomposeuse)', 4358)
INSERT [dbo].[Type_Materiel] ([id_Type_Materiel], [nom_Type_Materiel], [MTBF]) VALUES (73, N'Interruption matérielle', 4734)
INSERT [dbo].[Type_Materiel] ([id_Type_Materiel], [nom_Type_Materiel], [MTBF]) VALUES (74, N'ISCSI', 2602)
INSERT [dbo].[Type_Materiel] ([id_Type_Materiel], [nom_Type_Materiel], [MTBF]) VALUES (75, N'Lecteur de CD-ROM', 1689)
INSERT [dbo].[Type_Materiel] ([id_Type_Materiel], [nom_Type_Materiel], [MTBF]) VALUES (76, N'Lecteur de Laserdisc', 4785)
INSERT [dbo].[Type_Materiel] ([id_Type_Materiel], [nom_Type_Materiel], [MTBF]) VALUES (77, N'Lemur Input Device', 1433)
INSERT [dbo].[Type_Materiel] ([id_Type_Materiel], [nom_Type_Materiel], [MTBF]) VALUES (78, N'Librairie de sauvegarde', 1626)
INSERT [dbo].[Type_Materiel] ([id_Type_Materiel], [nom_Type_Materiel], [MTBF]) VALUES (79, N'Liste ''ordinateurs du passé par constructeur', 3267)
INSERT [dbo].[Type_Materiel] ([id_Type_Materiel], [nom_Type_Materiel], [MTBF]) VALUES (80, N'Liste des ordinateurs à tubes à vide', 2437)
INSERT [dbo].[Type_Materiel] ([id_Type_Materiel], [nom_Type_Materiel], [MTBF]) VALUES (81, N'Listing', 4967)
INSERT [dbo].[Type_Materiel] ([id_Type_Materiel], [nom_Type_Materiel], [MTBF]) VALUES (82, N'Loi de Moore', 3473)
INSERT [dbo].[Type_Materiel] ([id_Type_Materiel], [nom_Type_Materiel], [MTBF]) VALUES (83, N'Micro-casque', 4747)
INSERT [dbo].[Type_Materiel] ([id_Type_Materiel], [nom_Type_Materiel], [MTBF]) VALUES (84, N'Mini-ordinateur', 4383)
INSERT [dbo].[Type_Materiel] ([id_Type_Materiel], [nom_Type_Materiel], [MTBF]) VALUES (85, N'Multiprocesseur', 2881)
INSERT [dbo].[Type_Materiel] ([id_Type_Materiel], [nom_Type_Materiel], [MTBF]) VALUES (86, N'Musical Instrument Digital Interface', 690)
INSERT [dbo].[Type_Materiel] ([id_Type_Materiel], [nom_Type_Materiel], [MTBF]) VALUES (87, N'Nano-informatique', 2777)
INSERT [dbo].[Type_Materiel] ([id_Type_Materiel], [nom_Type_Materiel], [MTBF]) VALUES (88, N'Network on Chip', 3054)
INSERT [dbo].[Type_Materiel] ([id_Type_Materiel], [nom_Type_Materiel], [MTBF]) VALUES (89, N'Ordinateur', 1147)
INSERT [dbo].[Type_Materiel] ([id_Type_Materiel], [nom_Type_Materiel], [MTBF]) VALUES (90, N'Ordinateur à programme enregistré', 2095)
INSERT [dbo].[Type_Materiel] ([id_Type_Materiel], [nom_Type_Materiel], [MTBF]) VALUES (91, N'Ordinateur à carte unique', 2367)
INSERT [dbo].[Type_Materiel] ([id_Type_Materiel], [nom_Type_Materiel], [MTBF]) VALUES (92, N'Ordinateur renforcé', 220)
INSERT [dbo].[Type_Materiel] ([id_Type_Materiel], [nom_Type_Materiel], [MTBF]) VALUES (93, N'Panneau frontal', 4922)
INSERT [dbo].[Type_Materiel] ([id_Type_Materiel], [nom_Type_Materiel], [MTBF]) VALUES (94, N'PC speaker', 3489)
INSERT [dbo].[Type_Materiel] ([id_Type_Materiel], [nom_Type_Materiel], [MTBF]) VALUES (95, N'PC-on-a-stick', 23)
INSERT [dbo].[Type_Materiel] ([id_Type_Materiel], [nom_Type_Materiel], [MTBF]) VALUES (96, N'Performances (informatique)', 1596)
INSERT [dbo].[Type_Materiel] ([id_Type_Materiel], [nom_Type_Materiel], [MTBF]) VALUES (97, N'Périphérique informatique', 733)
INSERT [dbo].[Type_Materiel] ([id_Type_Materiel], [nom_Type_Materiel], [MTBF]) VALUES (98, N'Personal Internet Communicator', 1724)
INSERT [dbo].[Type_Materiel] ([id_Type_Materiel], [nom_Type_Materiel], [MTBF]) VALUES (99, N'PHY', 1356)
GO
INSERT [dbo].[Type_Materiel] ([id_Type_Materiel], [nom_Type_Materiel], [MTBF]) VALUES (100, N'PICA200', 1893)
INSERT [dbo].[Type_Materiel] ([id_Type_Materiel], [nom_Type_Materiel], [MTBF]) VALUES (101, N'PirateBox', 3070)
INSERT [dbo].[Type_Materiel] ([id_Type_Materiel], [nom_Type_Materiel], [MTBF]) VALUES (102, N'Pixar Image Computer', 717)
INSERT [dbo].[Type_Materiel] ([id_Type_Materiel], [nom_Type_Materiel], [MTBF]) VALUES (103, N'Plug and Play', 4902)
INSERT [dbo].[Type_Materiel] ([id_Type_Materiel], [nom_Type_Materiel], [MTBF]) VALUES (104, N'Plug computer', 2686)
INSERT [dbo].[Type_Materiel] ([id_Type_Materiel], [nom_Type_Materiel], [MTBF]) VALUES (105, N'Port matériel', 860)
INSERT [dbo].[Type_Materiel] ([id_Type_Materiel], [nom_Type_Materiel], [MTBF]) VALUES (106, N'Port parallèle', 491)
INSERT [dbo].[Type_Materiel] ([id_Type_Materiel], [nom_Type_Materiel], [MTBF]) VALUES (107, N'Ressource (informatique)', 1357)
INSERT [dbo].[Type_Materiel] ([id_Type_Materiel], [nom_Type_Materiel], [MTBF]) VALUES (108, N'Rue Montgallet', 2916)
INSERT [dbo].[Type_Materiel] ([id_Type_Materiel], [nom_Type_Materiel], [MTBF]) VALUES (109, N'Serveur vidéo', 1765)
INSERT [dbo].[Type_Materiel] ([id_Type_Materiel], [nom_Type_Materiel], [MTBF]) VALUES (110, N'Softmod', 2859)
INSERT [dbo].[Type_Materiel] ([id_Type_Materiel], [nom_Type_Materiel], [MTBF]) VALUES (111, N'Sun Ray', 4947)
INSERT [dbo].[Type_Materiel] ([id_Type_Materiel], [nom_Type_Materiel], [MTBF]) VALUES (112, N'Synchronisme', 4387)
INSERT [dbo].[Type_Materiel] ([id_Type_Materiel], [nom_Type_Materiel], [MTBF]) VALUES (113, N'Tandem Computers', 4811)
INSERT [dbo].[Type_Materiel] ([id_Type_Materiel], [nom_Type_Materiel], [MTBF]) VALUES (114, N'Testeur de carte mère', 4823)
INSERT [dbo].[Type_Materiel] ([id_Type_Materiel], [nom_Type_Materiel], [MTBF]) VALUES (115, N'Tête de lecture à technologie GMR', 1163)
INSERT [dbo].[Type_Materiel] ([id_Type_Materiel], [nom_Type_Materiel], [MTBF]) VALUES (116, N'Tête inductive', 2103)
INSERT [dbo].[Type_Materiel] ([id_Type_Materiel], [nom_Type_Materiel], [MTBF]) VALUES (117, N'Tête MR', 4277)
INSERT [dbo].[Type_Materiel] ([id_Type_Materiel], [nom_Type_Materiel], [MTBF]) VALUES (118, N'TiVo', 3296)
INSERT [dbo].[Type_Materiel] ([id_Type_Materiel], [nom_Type_Materiel], [MTBF]) VALUES (119, N'Tolérance aux pannes', 2567)
INSERT [dbo].[Type_Materiel] ([id_Type_Materiel], [nom_Type_Materiel], [MTBF]) VALUES (120, N'Tour (informatique)', 1770)
INSERT [dbo].[Type_Materiel] ([id_Type_Materiel], [nom_Type_Materiel], [MTBF]) VALUES (121, N'Ultra-ATA', 351)
INSERT [dbo].[Type_Materiel] ([id_Type_Materiel], [nom_Type_Materiel], [MTBF]) VALUES (122, N'Unité centrale', 2235)
INSERT [dbo].[Type_Materiel] ([id_Type_Materiel], [nom_Type_Materiel], [MTBF]) VALUES (123, N'Veille (mode de fonctionnement)', 1896)
INSERT [dbo].[Type_Materiel] ([id_Type_Materiel], [nom_Type_Materiel], [MTBF]) VALUES (124, N'Ventilateur ''ordinateur', 4333)
INSERT [dbo].[Type_Materiel] ([id_Type_Materiel], [nom_Type_Materiel], [MTBF]) VALUES (125, N'Very long instruction word', 4485)
INSERT [dbo].[Type_Materiel] ([id_Type_Materiel], [nom_Type_Materiel], [MTBF]) VALUES (126, N'Video In Video Out', 782)
INSERT [dbo].[Type_Materiel] ([id_Type_Materiel], [nom_Type_Materiel], [MTBF]) VALUES (127, N'WHQL', 4175)
INSERT [dbo].[Type_Materiel] ([id_Type_Materiel], [nom_Type_Materiel], [MTBF]) VALUES (128, N'XS (EVS)', 4867)
INSERT [dbo].[Type_Materiel] ([id_Type_Materiel], [nom_Type_Materiel], [MTBF]) VALUES (129, N'XT(2)+', 3500)
INSERT [dbo].[Type_Materiel] ([id_Type_Materiel], [nom_Type_Materiel], [MTBF]) VALUES (130, N'XT3', 2069)
INSERT [dbo].[Type_Materiel] ([id_Type_Materiel], [nom_Type_Materiel], [MTBF]) VALUES (131, N'fefzefj', 55)
INSERT [dbo].[Type_Materiel] ([id_Type_Materiel], [nom_Type_Materiel], [MTBF]) VALUES (132, N'Carton', 100)
SET IDENTITY_INSERT [dbo].[Type_Materiel] OFF
SET IDENTITY_INSERT [dbo].[Materiel] ON 

INSERT [dbo].[Materiel] ([id_Materiel], [nom_Materiel], [guid_Materiel], [id_type_Materiel], [id_Client], [id_Site], [id_Batiment], [id_Etage], [id_Salle], [date_dernier_Intervention], [description]) VALUES (2, N'Matériel de test 2', N'dfb5372d-b232-4ddf-b572-247393689cb5', 1, 2, 1, 1, 1, 1, CAST(0x75400B00 AS Date), N'test')
INSERT [dbo].[Materiel] ([id_Materiel], [nom_Materiel], [guid_Materiel], [id_type_Materiel], [id_Client], [id_Site], [id_Batiment], [id_Etage], [id_Salle], [date_dernier_Intervention], [description]) VALUES (3, N'GTX geforce 980', N'624396f6-229f-44cf-8062-32d47f6141cd', 1, 1, 1, 1, 1, 1, CAST(0x75400B00 AS Date), N'toto')
INSERT [dbo].[Materiel] ([id_Materiel], [nom_Materiel], [guid_Materiel], [id_type_Materiel], [id_Client], [id_Site], [id_Batiment], [id_Etage], [id_Salle], [date_dernier_Intervention], [description]) VALUES (4, N'Matériel 12', N'3b10a0af-fa6e-4d88-867b-d20b1c40b995', 1, 1, 1, 1, 1, 1, CAST(0x75400B00 AS Date), N'r')
INSERT [dbo].[Materiel] ([id_Materiel], [nom_Materiel], [guid_Materiel], [id_type_Materiel], [id_Client], [id_Site], [id_Batiment], [id_Etage], [id_Salle], [date_dernier_Intervention], [description]) VALUES (5, N'Matériel 1', N'3fb88ade-7366-42bc-869c-64e6e9b6eae9', 1, 1, 1, 1, 1, 1, CAST(0xBE3A0B00 AS Date), N'')
INSERT [dbo].[Materiel] ([id_Materiel], [nom_Materiel], [guid_Materiel], [id_type_Materiel], [id_Client], [id_Site], [id_Batiment], [id_Etage], [id_Salle], [date_dernier_Intervention], [description]) VALUES (6, N'Matériel de test', N'b74f26aa-6021-4661-9d15-80c24407ae64', 1, 1, 1, 1, 1, 1, CAST(0x75400B00 AS Date), N'iotitititi')
INSERT [dbo].[Materiel] ([id_Materiel], [nom_Materiel], [guid_Materiel], [id_type_Materiel], [id_Client], [id_Site], [id_Batiment], [id_Etage], [id_Salle], [date_dernier_Intervention], [description]) VALUES (9, N'toto7', N'2d04064a-2da0-41d1-93bb-bf65d24c9e6a', 1, 1, 1, 1, 1, 1, CAST(0xBE3A0B00 AS Date), N'')
INSERT [dbo].[Materiel] ([id_Materiel], [nom_Materiel], [guid_Materiel], [id_type_Materiel], [id_Client], [id_Site], [id_Batiment], [id_Etage], [id_Salle], [date_dernier_Intervention], [description]) VALUES (14, N'Matériel de test 15', N'8e1af5dc-3596-4b23-81d3-fff1b2fba8f5', 1, 2, 1, 2, 5, 7, CAST(0x75400B00 AS Date), N'toto')
SET IDENTITY_INSERT [dbo].[Materiel] OFF
SET IDENTITY_INSERT [dbo].[Salle] ON 

INSERT [dbo].[Salle] ([id_Salle], [nom_Salle], [id_Etage]) VALUES (1, N'Salle A1', 1)
INSERT [dbo].[Salle] ([id_Salle], [nom_Salle], [id_Etage]) VALUES (2, N'Salle A2', 1)
INSERT [dbo].[Salle] ([id_Salle], [nom_Salle], [id_Etage]) VALUES (3, N'Salle B1', 2)
INSERT [dbo].[Salle] ([id_Salle], [nom_Salle], [id_Etage]) VALUES (4, N'Salle B2', 3)
INSERT [dbo].[Salle] ([id_Salle], [nom_Salle], [id_Etage]) VALUES (5, N'Salle B3', 3)
INSERT [dbo].[Salle] ([id_Salle], [nom_Salle], [id_Etage]) VALUES (6, N'Salle C1', 4)
INSERT [dbo].[Salle] ([id_Salle], [nom_Salle], [id_Etage]) VALUES (7, N'Salle C2', 5)
INSERT [dbo].[Salle] ([id_Salle], [nom_Salle], [id_Etage]) VALUES (8, N'Salle C3', 5)
INSERT [dbo].[Salle] ([id_Salle], [nom_Salle], [id_Etage]) VALUES (9, N'Salle D1', 6)
INSERT [dbo].[Salle] ([id_Salle], [nom_Salle], [id_Etage]) VALUES (10, N'Salle D2', 7)
INSERT [dbo].[Salle] ([id_Salle], [nom_Salle], [id_Etage]) VALUES (11, N'Salle E1', 8)
INSERT [dbo].[Salle] ([id_Salle], [nom_Salle], [id_Etage]) VALUES (12, N'Salle E6', 23)
SET IDENTITY_INSERT [dbo].[Salle] OFF
